<configuration>
<!--    <appender name="STDOUT" class="ch.qos.logback.core.ConsoleAppender">-->
<!--        <encoder>-->
<!--            <pattern>%d{HH:mm:ss.SSS} [%thread] %-5level %logger{50} - %msg%n</pattern>-->
<!--        </encoder>-->
<!--    </appender>-->
    <appender name="rollingFile" class="ch.qos.logback.core.rolling.RollingFileAppender">
        <rollingPolicy class="ch.qos.logback.core.rolling.TimeBasedRollingPolicy">
            <fileNamePattern>logs/log-%d{yyyy-MM-dd}.log</fileNamePattern>
            <maxHistory>30</maxHistory>
            <totalSizeCap>3GB</totalSizeCap>
        </rollingPolicy>
        <triggeringPolicy class="ch.qos.logback.core.rolling.SizeBasedTriggeringPolicy">
            <maxFileSize>3MB</maxFileSize>
        </triggeringPolicy>
        <encoder>
            <pattern>[%thread] %-5level %logger{36} - %msg%n</pattern>
        </encoder>
        <append>true</append>
    </appender>
    <root level="info">
        <appender-ref ref="rollingFile" />
    </root>
</configuration>